{
  "0.000000:0.000000": 0,
  "39.808000:18.347500": 53,
  "39.889830:18.315332": 164,
  "39.940000:16.050556": 670,
  "40.069000:17.976334": 0,
  "40.351665:17.886333": 56,
  "40.354332:18.178000": 51,
  "40.376110:16.099445": 784,
  "40.521667:15.912222": 987,
  "40.542500:15.569722": 461,
  "40.544500:16.862667": 72,
  "40.556110:16.330555": 588,
  "40.618890:16.138334": 709,
  "40.653830:17.751833": 75,
  "40.669445:15.915278": 993,
  "40.692165:17.388834": 342,
  "40.725834:16.903667": 331,
  "40.821667:16.408167": 364,
  "40.839170:15.643666": 505,
  "40.860832:16.634832": 461,
  "40.884666:15.085834": 860,
  "40.920500:17.125834": 233,
  "40.938168:17.301167": 29,
  "40.957000:16.140500": 365,
  "41.096000:15.441334": 422,
  "41.356167:16.062000": 2,
  "41.457600:15.531300": 78,
  "41.469000:15.483167": 88,
  "41.575165:15.872833": -3,
  "41.685833:15.392667": 76,
  "41.871500:15.328333": -3,
  "44.334446:7.558611": 579,
  "44.529310:9.174950": 1028,
  "44.531760:9.023290": 672,
  "44.619480:8.918030": 749,
  "44.677223:9.200277": 1576,
  "44.678333:8.463333": 164,
  "44.811943:7.241944": 470,
  "44.852780:7.915278": 299,
  "44.926666:8.713889": 92,
  "45.041390:7.767222": 589,
  "45.129166:8.495000": 107,
  "45.185555:8.011666": 162,
  "45.370000:7.636390": 648,
  "45.437500:8.384167": 153,
  "45.461666:7.775000": 630,
  "45.630280:7.987500": 1404,
  "46.110280:8.302778": 258,
  "46.241390:12.993055": 769,
  "46.482777:13.300278": 515,
  "46.541668:10.990278": 1138,
  "46.782223:11.229444": 586
 }